<?xml version="1.0" encoding="utf-8"?>
<!--DockPanel configuration file. Author: Weifen Luo, all rights reserved.-->
<!--!!! AUTOMATICALLY GENERATED FILE. DO NOT MODIFY !!!-->
<DockPanel FormatVersion="1.0" DockLeftPortion="0.25" DockRightPortion="0.25" DockTopPortion="0.25" DockBottomPortion="0.25" ActiveDocumentPane="-1" ActivePane="-1">
  <Contents Count="3">
    <Content ID="0" PersistString="mRemoteNG.UI.Window.ConnectionTreeWindow" AutoHidePortion="0.25" IsHidden="False" IsFloat="False" />
    <Content ID="1" PersistString="mRemoteNG.UI.Window.ConfigWindow" AutoHidePortion="0.25" IsHidden="False" IsFloat="False" />
    <Content ID="2" PersistString="mRemoteNG.UI.Window.ErrorAndInfoWindow" AutoHidePortion="0.25" IsHidden="False" IsFloat="False" />
  </Contents>
  <Panes Count="2">
    <Pane ID="0" DockState="DockLeft" ActiveContent="0">
      <Contents Count="2">
        <Content ID="0" RefID="0" />
        <Content ID="1" RefID="1" />
      </Contents>
    </Pane>
    <Pane ID="1" DockState="DockBottomAutoHide" ActiveContent="2">
      <Contents Count="1">
        <Content ID="0" RefID="2" />
      </Contents>
    </Pane>
  </Panes>
  <DockWindows>
    <DockWindow ID="0" DockState="Document" ZOrderIndex="1">
      <NestedPanes Count="0" />
    </DockWindow>
    <DockWindow ID="1" DockState="DockLeft" ZOrderIndex="2">
      <NestedPanes Count="1">
        <Pane ID="0" RefID="0" PrevPane="-1" Alignment="Bottom" Proportion="0.5" />
      </NestedPanes>
    </DockWindow>
    <DockWindow ID="2" DockState="DockRight" ZOrderIndex="3">
      <NestedPanes Count="0" />
    </DockWindow>
    <DockWindow ID="3" DockState="DockTop" ZOrderIndex="4">
      <NestedPanes Count="0" />
    </DockWindow>
    <DockWindow ID="4" DockState="DockBottom" ZOrderIndex="5">
      <NestedPanes Count="1">
        <Pane ID="0" RefID="1" PrevPane="-1" Alignment="Right" Proportion="0.5" />
      </NestedPanes>
    </DockWindow>
  </DockWindows>
  <FloatWindows Count="0" />
</DockPanel>